driverId,name,ssn,location,certified,wage-plan
10,Brett Johnson,622-64-5295,"778 Baldwin Groves Suite 420
Paulhaven, VT 94703",Y,hours
11,Marie Vargas,177-72-5296,"28846 Logan Corner
South Jessicashire, IL 44353",Y,hours
12,Amber Bailey,377-05-4832,"7045 Molly Estate Apt. 377
West Lindsayfurt, TX 01612",N,miles
13,Kathleen Taylor,725-25-2779,"9005 Moore Centers
West Nicole, ME 98585",N,miles
14,Sergio White,332-52-9026,"167 Stephens Forks Suite 736
Suzanneton, MP 37442",Y,miles
15,Jacqueline Martinez,038-52-5501,"40153 Alvarado Plaza Apt. 254
Carolynberg, MP 18541",N,hours
16,Mrs. Janice Bowman DDS,847-91-4922,"Unit 3348 Box 4421
DPO AA 05925",N,hours
17,John Paul,207-31-3390,"603 Harris Burg
South Krystalbury, TN 11900",N,hours
18,Jennifer Wilkinson,697-75-3269,"Unit 2885 Box 5131
DPO AP 91377",N,hours
19,Martin Kline,725-96-3900,"3402 Dustin Greens Suite 075
East Josephside, MO 04839",Y,miles
20,Derrick Nguyen,888-81-9294,"USNV Donovan
FPO AP 94819",N,miles
21,Teresa White,019-99-8609,"550 Davis Street
South Emily, VT 31532",Y,miles
22,Gary Cameron,289-51-0682,"42639 Diana Stravenue
New Alexisfort, OH 50591",N,miles
23,Kyle Mcintyre,469-48-1242,"4562 Megan Hollow
Martinezview, MO 41777",Y,miles
24,Eric Horne,791-11-4749,"628 Samantha Vista
South Andrewberg, SD 51121",N,miles
25,Melanie Rodriguez,431-97-3832,"USS Sanders
FPO AA 44209",Y,hours
26,Elizabeth Thomas,514-44-8922,"402 Ramsey Place
Kathymouth, VA 04025",N,hours
27,Zachary Wright,110-65-6681,"238 Susan Crossroad Apt. 364
Lake Rachel, UT 35298",N,hours
28,Monica Holt,484-95-8820,"9690 Kylie Hill Apt. 590
New Kimberlyside, WA 57794",Y,hours
29,William James,715-45-8294,"1949 Stacy Key
Ericatown, NE 94209",N,miles
30,David Young,466-69-4733,"38120 Lyons Place Apt. 098
Burgessborough, CO 15715",N,miles
31,Dr. Sheryl Pham,318-56-5425,"0550 John Club Suite 111
Port Shannonbury, OH 72618",Y,miles
32,Sara Baker,888-62-4902,"50046 Jasmine Way
Christinestad, MH 26924",N,hours
33,Jennifer Scott,419-21-1408,"09262 Jeffery Cove Apt. 551
Jasmineshire, MI 37872",Y,miles
34,Joyce Brown,759-57-6994,"47430 Jacqueline Cape Suite 341
South Stevenborough, VA 93878",N,miles
35,Michael Curtis,205-21-7314,"32618 Pamela Corner Suite 857
Johnland, MI 37430",N,hours
36,Christine Villa,198-37-7395,"6907 Tammy Centers Suite 266
Oscarfurt, NY 28139",N,hours
37,Emma Acevedo,113-99-7129,"050 Washington Road Apt. 295
East Brian, ND 20536",Y,miles
38,Patrick Clark,640-82-6063,"8960 Megan Cape
North Pamelaville, WI 64085",Y,miles
39,Danielle Anderson,694-69-1970,"973 Holder Stravenue
Riverahaven, ID 51006",N,miles
40,Diana Cooper,770-54-1514,"PSC 5888, Box 6616
APO AA 21139",N,hours
41,Michael Phillips,257-81-8411,"45551 Lynch Ramp
Boydstad, KY 10423",N,miles
42,Kristin Keller,432-31-7803,"711 Wilson Pike Apt. 817
South William, NY 81921",N,hours
43,Victor Stephens,704-79-3716,"645 Rice Port
South Richardberg, HI 91805",Y,hours
44,Lance Smith,181-49-8791,"15051 Wesley Islands Suite 257
Perkinsstad, WA 85023",N,hours
45,Elizabeth Jones,804-43-4520,"7529 John Circles
East Larry, MS 54752",Y,hours
46,Casey Melendez MD,575-99-8364,"088 Jessica Mountains
Mandyfurt, AR 01871",Y,hours
47,Rhonda Williams,046-99-9909,"792 Grant Street
East Douglastown, SD 76433",N,miles
48,Jacob Beck,793-19-0252,"64484 Karen Junctions
Jonesside, MS 76446",Y,miles
49,Regina Gray,783-85-8200,"77738 Kevin Glens Suite 945
Katieview, OH 69702",Y,hours
50,Jennifer Rodriguez,688-43-8011,"1347 Steve Burgs
New Jeffrey, PA 44635",Y,miles
51,Stephanie Brown,370-77-5867,"4067 Glover Lodge
West David, MH 36374",Y,hours
52,Marie Turner,350-63-8894,"7763 Carlos Forges Suite 445
Lake Rebeccaton, SC 40379",Y,miles
53,Lindsay Brooks,600-38-6289,"0421 Johnson Underpass Suite 983
Johnhaven, LA 92114",Y,hours
54,William Mitchell,798-89-0186,"Unit 0655 Box 4169
DPO AE 71118",N,hours
55,Kenneth Ellis,216-58-6666,"57557 Heather Street Apt. 271
North Aaron, ID 34258",Y,miles
56,Summer Conley,098-76-0812,"56306 Melinda Mount
Joshuaton, CA 79377",N,hours
57,Cathy Braun,358-66-3586,"469 Brian Ville Suite 544
Lisafort, AZ 03330",Y,hours
58,Sheri Clark,810-20-1119,"65599 Phillips Meadow
Rogersborough, CO 73372",Y,hours
59,Gina Washington,168-11-8187,"569 Patrick Highway Apt. 088
Michaelshire, WV 79392",Y,miles
60,Daniel Powell,602-87-7571,"32780 Jessica Crest
South Kimberlyport, ID 26308",N,miles
61,Pamela Perez,519-40-0144,"634 Lisa Stravenue Apt. 508
Margaretstad, FL 63214",N,miles
62,Megan Daugherty,354-39-3495,"2255 Courtney Knoll Suite 453
North Rebekahfurt, FM 87529",Y,hours
63,Jeffrey Graves,323-30-2558,"90210 Bryant Spur Apt. 520
North Leonardtown, SC 28834",Y,hours
64,Melissa Gutierrez,753-68-9795,"034 James Summit Apt. 921
Chasestad, AL 31147",Y,hours
65,Dr. Jesse Taylor DDS,269-98-9930,"9721 Williams Fork
New Wendyview, FM 19480",Y,miles
66,Vickie Hill,622-36-9987,"29078 Andrew Shoals Apt. 662
Alexanderport, RI 22132",N,miles
67,Michael Barajas,536-20-6175,"153 Miller Path Apt. 954
Sharpview, TN 31181",Y,hours
68,James Taylor,539-61-2610,"1986 Gonzalez Falls
Cynthiaburgh, LA 15544",Y,miles
69,Miss Melissa Molina,667-76-6562,"445 Knight Circle
Bakerhaven, MO 30699",Y,miles
70,Kayla Brown,650-21-8588,"91291 Ryan Rapid
East Katherine, WV 20115",Y,hours
71,Ann Peterson,378-35-7341,"086 Kramer Ridge
Baldwinchester, GA 54573",Y,miles
72,Andrea Rios,608-28-0932,"USS Warren
FPO AE 60614",N,hours
73,Matthew Martinez,550-23-6055,"9940 Melinda Light
Waremouth, NV 15924",N,miles
74,Rachael Hall,571-95-2044,"432 Marshall Ridge Suite 548
Wilsonchester, ND 19911",Y,hours
75,Debra Hanna,165-28-8261,"2541 Sarah Via
Ellisport, PA 98918",N,hours
76,Jeremy Hopkins,240-24-0939,"04860 Natalie Harbor Suite 464
Hansonburgh, TX 58645",N,hours
77,Lauren Love,831-50-1951,"1278 Shelby Ville Suite 279
New Juan, TN 49111",N,miles
78,Anna Willis,544-18-2800,"27700 Torres Roads Suite 845
Barryland, WV 07084",N,hours
79,David Estes,365-42-8362,"4409 Andrew Drives Apt. 017
Crystalland, NC 41196",N,hours
80,Jessica Davis,333-27-5720,"826 Cervantes Key Apt. 562
New Sarahmouth, GA 31659",N,miles
81,Lisa Bennett,073-17-2376,"9501 Caitlin Place
Hansonbury, SD 48768",Y,miles
82,Dr. William Johnson,866-03-8140,"USNV Hughes
FPO AA 89975",N,miles
83,Shelby Floyd,333-10-7199,"751 John Wells
West Kristinberg, HI 38750",N,hours
84,Susan Foster,096-25-5381,"882 Hamilton Forges Suite 065
West Sherryberg, MH 29515",N,miles
85,Jasmine Brown,866-24-9471,"59301 Myers Roads Apt. 818
Morrisshire, ND 06248",N,hours
86,Christine Monroe,869-15-3772,"90285 Jesse Ford
Port Mary, MI 67433",N,hours
87,Kimberly Anderson,067-17-1892,"707 Hopkins Shores Apt. 166
South Nicolehaven, OR 82995",N,miles
88,Paul Little,770-51-4753,"40469 James Mountain Apt. 438
Barretthaven, ME 42724",N,hours
89,Anna Jackson,601-90-8138,"9320 Molina Rest
Lake Davidmouth, ID 93696",Y,hours
90,Richard Lawrence,384-43-8603,"704 Amanda Haven
East Maurice, ND 00573",Y,hours
91,Lisa Castro,747-04-1879,"72547 Brian Court Suite 022
Thompsonberg, TX 32236",Y,miles
92,Jeanne Jackson,399-67-2856,"48623 Patricia Streets
Christophershire, UT 82976",N,hours
93,Lauren Lewis,471-09-3677,"722 Walker Path Suite 226
Robertland, VI 93408",N,miles
94,Robert Hanson,548-82-4687,"11965 Valdez Manor
Markhaven, DC 62360",Y,hours
95,Jennifer Butler,809-19-0884,"646 Solis Extension Suite 645
Collinstown, PR 96129",N,miles
96,Gary Ortega,744-62-3987,"0648 Christina Park Apt. 561
Jaredborough, MS 61226",Y,hours
97,Jennifer Richards,754-28-6892,"995 Tonya Islands
New Caseyburgh, MH 95023",Y,miles
98,Stacey Pitts,812-92-6842,"76389 Joshua Cape Suite 209
Lake Nicolefort, IA 63723",N,hours
99,Katie Harding,286-24-7337,"247 Jennifer Pines Suite 421
Tinastad, MD 01326",Y,miles
100,Dakota Mercado,332-80-8953,"Unit 1849 Box 9526
DPO AE 64554",N,hours
101,Jared Smith,461-16-0846,"119 Joseph Mountain Suite 343
Katherineburgh, MA 77294",Y,miles
102,Joshua Perez,826-70-0905,"269 Bailey Valleys
Lake David, IN 94445",N,hours
103,Marcus Murphy,187-48-0055,"3359 Ferrell Glens
Lake Jeffreystad, NH 36066",N,hours
104,Eric Peters,286-21-0940,"3536 Smith Junction Suite 663
New Jeffrey, PA 53927",Y,hours
105,Melissa Robinson,248-81-6284,"928 Ochoa Causeway
Jessicabury, GU 95937",Y,miles
106,Denise Johnson,825-20-0935,"41482 Mahoney Inlet Suite 687
Grahamton, CT 13786",N,miles
107,Robin Hoffman,328-74-6437,"309 Phillips Forge
New Elizabeth, TX 34389",N,miles
108,Carla Stark,862-12-8750,"68508 Taylor Mall
Sarafurt, CA 72032",Y,miles
109,Jeremy Taylor,185-70-0035,"7927 Perkins Street Apt. 917
Lake Kenneth, PR 81093",Y,hours
